,tag_id,tag_name,extraction_date,posts_W_hashtag,owner_id,shortcode,timestamp,likes,hashtags,mentions,coms,text,img_description,url_img
0,17852585269081464,alg_cam,5042022,62,50597256794,CbvwVVhqH2j,2022-03-30 23:19:46,24,"['Algeria_and_Cameroon_match_unjust_Bring_us_back_the_match_Where_is_FIFA_', 'lesfennecs', '123vivalalgerieğŸ‡©ğŸ‡¿', 'lesverts', 'lesvertsâ­â­', 'dzairfoot', 'djamelbelmadi', 'dzfoot', 'mahrez', 'elkhadra', 'teamdz', 'belmadi', 'youcefbelaili', 'youcefatal', 'hichemboudaoui', 'teamdzair', '123vivalAlgÃ©rie', 'dzsport', 'saidbenrahma', 'ramybensebaini', 'Ø¬Ù…Ø§Ù„_Ø¨Ù„Ù…Ø§Ø¶ÙŠ', 'Ø±ÙŠØ§Ø¶_Ù…Ø­Ø±Ø²', 'bennacer', 'ismailbennacer', 'cameroun', 'riadmahrez', 'Alg_Cam', 'WorldCupQatar2022\n', 'Ø§Ù„Ù…Ø§ØªØ´_ÙŠØªØ¹Ø§ÙˆØ¯', 'Ø§Ù„Ø¬Ø²Ø§Ø¦Ø±_ÙƒØ§Ù…ÙŠØ±ÙˆÙ†']","['Algeria_and_Cameroon_match_unjust_Bring_us_back_the_match_Where_is_FIFA_', 'lesfennecs']",3,"Follow @toujours.fidele.officielle
 ğŸ‘ğŸ‘ğŸ‘

 Ø¯ÙŠØ± â™¥ï¸ ÙˆØ§Ø¨ÙˆÙ†ÙŠ ÙŠÙˆØµÙ„Ùƒ Ø§Ù„Ø¬Ø¯ÙŠØ¯ 

â€¢â€¢â€¢â€¢â€¢â€¢â€¢
ğŸ¥ºğŸ’”ğŸ¥ºğŸ‡©ğŸ‡¿
#Algeria_and_Cameroon_match_unjust_Bring_us_back_the_match_Where_is_FIFA_ 
â€¢â€¢â€¢ 

.
.
.
Follow: ğŸ‘‰ğŸ»ğŸ‘‰ğŸ» @toujours.fidele.officielle ğŸ‘ˆğŸ»ğŸ‘ˆğŸ» 

__________________________________________________
#lesfennecs #123vivalalgerieğŸ‡©ğŸ‡¿ #lesverts #lesvertsâ­â­ #dzairfoot #djamelbelmadi #dzfoot #mahrez #elkhadra #teamdz #belmadi #youcefbelaili #youcefatal #hichemboudaoui #teamdzair #123vivalAlgÃ©rie #dzsport #saidbenrahma #ramybensebaini #Ø¬Ù…Ø§Ù„_Ø¨Ù„Ù…Ø§Ø¶ÙŠ  #Ø±ÙŠØ§Ø¶_Ù…Ø­Ø±Ø² #bennacer #ismailbennacer #cameroun #riadmahrez #Alg_Cam #WorldCupQatar2022
#Ø§Ù„Ù…Ø§ØªØ´_ÙŠØªØ¹Ø§ÙˆØ¯ #Ø§Ù„Ø¬Ø²Ø§Ø¦Ø±_ÙƒØ§Ù…ÙŠØ±ÙˆÙ†",Null,https://scontent-cdg2-1.cdninstagram.com/v/t51.2885-15/277602437_387951739818600_572086375147262342_n.webp?stp=dst-jpg_e35&_nc_ht=scontent-cdg2-1.cdninstagram.com&_nc_cat=100&_nc_ohc=6O5pXyInQN0AX918ArF&edm=ABZsPhsBAAAA&ccb=7-4&oh=00_AT-2Cb0xfylyIjyjf9i7x3m3YoVFoBLgURzhF52TS5e8jQ&oe=6252D441&_nc_sid=4efc9f
1,17852585269081464,alg_cam,5042022,62,50597256794,CbvnNJAMC8y,2022-03-30 22:00:00,30,"['Algeria_and_Cameroon_match_unjust_Bring_us_back_the_match_Where_is_FIFA_', 'lesfennecs', '123vivalalgerieğŸ‡©ğŸ‡¿', 'lesverts', 'lesvertsâ­â­', 'dzairfoot', 'djamelbelmadi', 'dzfoot', 'mahrez', 'elkhadra', 'teamdz', 'belmadi', 'youcefbelaili', 'youcefatal', 'hichemboudaoui', 'teamdzair', '123vivalAlgÃ©rie', 'dzsport', 'saidbenrahma', 'ramybensebaini', 'Ø¬Ù…Ø§Ù„_Ø¨Ù„Ù…Ø§Ø¶ÙŠ', 'Ø±ÙŠØ§Ø¶_Ù…Ø­Ø±Ø²', 'bennacer', 'ismailbennacer', 'cameroun', 'riadmahrez', 'Alg_Cam', 'WorldCupQatar2022\n', 'Ø§Ù„Ù…Ø§ØªØ´_ÙŠØªØ¹Ø§ÙˆØ¯', 'Ø§Ù„Ø¬Ø²Ø§Ø¦Ø±_ÙƒØ§Ù…ÙŠØ±ÙˆÙ†']","['Algeria_and_Cameroon_match_unjust_Bring_us_back_the_match_Where_is_FIFA_', 'lesfennecs']",0,"Follow @toujours.fidele.officielle

 Ø¯ÙŠØ± â™¥ï¸ ÙˆØ§Ø¨ÙˆÙ†ÙŠ ÙŠÙˆØµÙ„Ùƒ Ø§Ù„Ø¬Ø¯ÙŠØ¯ 

â€¢â€¢â€¢â€¢â€¢â€¢â€¢
ğŸ¥ºğŸ’”ğŸ¥ºğŸ‡©ğŸ‡¿
#Algeria_and_Cameroon_match_unjust_Bring_us_back_the_match_Where_is_FIFA_ 
â€¢â€¢â€¢ 

.
.
.
Follow: ğŸ‘‰ğŸ»ğŸ‘‰ğŸ» @toujours.fidele.officielle ğŸ‘ˆğŸ»ğŸ‘ˆğŸ» 

__________________________________________________
#lesfennecs #123vivalalgerieğŸ‡©ğŸ‡¿ #lesverts #lesvertsâ­â­ #dzairfoot #djamelbelmadi #dzfoot #mahrez #elkhadra #teamdz #belmadi #youcefbelaili #youcefatal #hichemboudaoui #teamdzair #123vivalAlgÃ©rie #dzsport #saidbenrahma #ramybensebaini #Ø¬Ù…Ø§Ù„_Ø¨Ù„Ù…Ø§Ø¶ÙŠ  #Ø±ÙŠØ§Ø¶_Ù…Ø­Ø±Ø² #bennacer #ismailbennacer #cameroun #riadmahrez #Alg_Cam #WorldCupQatar2022
#Ø§Ù„Ù…Ø§ØªØ´_ÙŠØªØ¹Ø§ÙˆØ¯ #Ø§Ù„Ø¬Ø²Ø§Ø¦Ø±_ÙƒØ§Ù…ÙŠØ±ÙˆÙ†",Null,https://scontent-cdt1-1.cdninstagram.com/v/t51.2885-15/277029944_445799883982749_2762445690352632985_n.webp?stp=dst-jpg_e35_s1080x1080&_nc_ht=scontent-cdt1-1.cdninstagram.com&_nc_cat=109&_nc_ohc=NLe3QB239UEAX-tejPh&edm=ABZsPhsBAAAA&ccb=7-4&oh=00_AT_TYsAGwHMakEja5LlkPsCem_ph8K2N3rfJYy3XRkq18Q&oe=6253484E&_nc_sid=4efc9f
2,17852585269081464,alg_cam,5042022,62,50597256794,Cbu_sbSspCG,2022-03-30 16:14:45,33,"['Algeria_and_Cameroon_match_unjust_Bring_us_back_the_match_Where_is_FIFA_', 'lesfennecs', '123vivalalgerieğŸ‡©ğŸ‡¿', 'lesverts', 'lesvertsâ­â­', 'dzairfoot', 'djamelbelmadi', 'dzfoot', 'mahrez', 'elkhadra', 'teamdz', 'belmadi', 'youcefbelaili', 'youcefatal', 'teamdzair', '123vivalAlgÃ©rie', 'ramybensebaini', 'Ø¬Ù…Ø§Ù„_Ø¨Ù„Ù…Ø§Ø¶ÙŠ', 'Ø±ÙŠØ§Ø¶_Ù…Ø­Ø±Ø²', 'bennacer', 'ismailbennacer', 'riadmahrez', 'Alg_Cam', 'WorldCupQatar2022\n\u200e', 'Algeria_and_Cameroon_match_unjust_Bring_us_back_the_match_Where_is_FIFA_\n\u200e', 'Ø§Ù„Ù…Ø§ØªØ´_ÙŠØªØ¹Ø§ÙˆØ¯\n', 'Ù†Ø·Ø§Ù„Ø¨_Ø§Ù„ÙØ§Ù_Ø¨Ø§Ø¹Ø§Ø¯Ù‡_Ø§Ù„Ù…Ø¨Ø§Ø±Ø§Ù‡\n', 'replay_algeria_cameroon_match']","['Algeria_and_Cameroon_match_unjust_Bring_us_back_the_match_Where_is_FIFA_', 'lesfennecs']",1,"Follow  @toujours.fidele.officielle
â€¢â€¢â€¢â€¢â€¢â€¢â€¢
â€Ø§Ù„Ø­ÙƒÙ… Ø¯Ø§Ù†ÙŠÙŠÙ„ÙŠ Ø£ÙˆØ±Ø³Ø§ØªÙˆ Ø§Ù„Ø¥ÙŠØ·Ø§Ù„ÙŠ ÙŠØµØ±Ø­:
""Ø¹Ù„Ù‰ Ø­Ø³Ø¨ Ø®Ø¨Ø±ØªÙŠ ÙÙŠ Ù…Ø¬Ø§Ù„ Ø§Ù„ØªØ­ÙƒÙŠÙ… ÙØ¥Ù† Ø§Ù„Ø¬Ø²Ø§Ø¦Ø± Ù‡ÙŠ Ø§Ù„ÙØ§Ø¦Ø²Ø©ØŒ Ù‡Ù†Ø§Ùƒ Ø£Ø®Ø·Ø§Ø¡ ÙˆÙ‚Ø¹Øª ÙÙŠ Ø§Ù„Ù…Ø¨Ø§Ø±Ø§Ø© Ù‚Ù„Ø¨Øª Ø§Ù„Ù…ÙˆØ§Ø²ÙŠÙ†""

 Follow @toujours.fidele.officielle

ğŸ¥ºğŸ’”ğŸ¥ºğŸ‡©ğŸ‡¿

#Algeria_and_Cameroon_match_unjust_Bring_us_back_the_match_Where_is_FIFA_ 
â€¢â€¢â€¢ 

.
.
.
Follow: ğŸ‘‰ğŸ»ğŸ‘‰ğŸ» @toujours.fidele.officielle ğŸ‘ˆğŸ»ğŸ‘ˆğŸ» 

__________________________________________________
#lesfennecs #123vivalalgerieğŸ‡©ğŸ‡¿ #lesverts #lesvertsâ­â­ #dzairfoot #djamelbelmadi #dzfoot #mahrez #elkhadra #teamdz #belmadi #youcefbelaili #youcefatal  #teamdzair #123vivalAlgÃ©rie  #ramybensebaini #Ø¬Ù…Ø§Ù„_Ø¨Ù„Ù…Ø§Ø¶ÙŠ  #Ø±ÙŠØ§Ø¶_Ù…Ø­Ø±Ø² #bennacer #ismailbennacer  #riadmahrez #Alg_Cam #WorldCupQatar2022
â€#Algeria_and_Cameroon_match_unjust_Bring_us_back_the_match_Where_is_FIFA_
â€#Ø§Ù„Ù…Ø§ØªØ´_ÙŠØªØ¹Ø§ÙˆØ¯
 â€#Ù†Ø·Ø§Ù„Ø¨_Ø§Ù„ÙØ§Ù_Ø¨Ø§Ø¹Ø§Ø¯Ù‡_Ø§Ù„Ù…Ø¨Ø§Ø±Ø§Ù‡
 â€#replay_algeria_cameroon_match",Null,https://scontent-cdg2-1.cdninstagram.com/v/t51.2885-15/277692913_1010763459536903_3512214868436194958_n.webp?stp=dst-jpg_e35&_nc_ht=scontent-cdg2-1.cdninstagram.com&_nc_cat=111&_nc_ohc=gGj5k7FZdJgAX-qFlGG&edm=ABZsPhsBAAAA&ccb=7-4&oh=00_AT8m1FJBIO3OLEoaJfaWc_UGcAPJxYX-4xCyvzWjdVq4_Q&oe=62522D0D&_nc_sid=4efc9f
3,17852585269081464,alg_cam,5042022,62,50597256794,Cbu-ZYEstug,2022-03-30 16:03:24,30,"['Algeria_and_Cameroon_match_unjust_Bring_us_back_the_match_Where_is_FIFA_', 'lesfennecs', '123vivalalgerieğŸ‡©ğŸ‡¿', 'lesverts', 'lesvertsâ­â­', 'dzairfoot', 'djamelbelmadi', 'dzfoot', 'mahrez', 'elkhadra', 'teamdz', 'belmadi', 'youcefbelaili', 'youcefatal', 'hichemboudaoui', 'teamdzair', '123vivalAlgÃ©rie', 'dzsport', 'saidbenrahma', 'ramybensebaini', 'Ø¬Ù…Ø§Ù„_Ø¨Ù„Ù…Ø§Ø¶ÙŠ', 'Ø±ÙŠØ§Ø¶_Ù…Ø­Ø±Ø²', 'bennacer', 'ismailbennacer', 'cameroun', 'riadmahrez', 'Alg_Cam', 'WorldCupQatar2022\n', 'Ø§Ù„Ù…Ø§ØªØ´_ÙŠØªØ¹Ø§ÙˆØ¯', 'Ø§Ù„Ø¬Ø²Ø§Ø¦Ø±_ÙƒØ§Ù…ÙŠØ±ÙˆÙ†']","['Algeria_and_Cameroon_match_unjust_Bring_us_back_the_match_Where_is_FIFA_', 'lesfennecs']",2,"Follow @toujours.fidele.officielle

Ø§Ù† Ø´Ø§Ø¡Ø§Ù„Ù„Ù‡ ÙÙŠÙ‡Ø§ Ø®ÙŠØ± 

ØºØ§Ø¶Ù†ÙŠ Ø§Ù„Ø¸Ù„Ù… Ø§Ù†Ø¸Ù„Ù…Ù†Ø§ ÙÙŠ Ø¨Ù„Ø§Ø¯Ù†Ø§ Ùˆ Ø­Ù†Ø§ Ù†ØªÙØ±Ø¬Ùˆ ğŸ˜­ğŸ˜­ğŸ’”ğŸ’”ğŸ‡©ğŸ‡¿ğŸ‡©ğŸ‡¿
Ø§Ù„Ù„Ù‡ ÙŠØ¬ÙŠØ¨Ù‡Ø§ ÙÙŠ ØµØ­Ø© ÙƒÙ„ ÙˆØ§Ø­Ø¯ ÙƒØ§Ù† Ø³Ø¨Ø© ÙÙŠÙ‡ 
â€¢â€¢â€¢â€¢â€¢â€¢â€¢
ğŸ¥ºğŸ’”ğŸ¥ºğŸ‡©ğŸ‡¿
#Algeria_and_Cameroon_match_unjust_Bring_us_back_the_match_Where_is_FIFA_ 
â€¢â€¢â€¢ 

.
.
.
Follow: ğŸ‘‰ğŸ»ğŸ‘‰ğŸ» @toujours.fidele.officielle ğŸ‘ˆğŸ»ğŸ‘ˆğŸ» 

__________________________________________________
#lesfennecs #123vivalalgerieğŸ‡©ğŸ‡¿ #lesverts #lesvertsâ­â­ #dzairfoot #djamelbelmadi #dzfoot #mahrez #elkhadra #teamdz #belmadi #youcefbelaili #youcefatal #hichemboudaoui #teamdzair #123vivalAlgÃ©rie #dzsport #saidbenrahma #ramybensebaini #Ø¬Ù…Ø§Ù„_Ø¨Ù„Ù…Ø§Ø¶ÙŠ  #Ø±ÙŠØ§Ø¶_Ù…Ø­Ø±Ø² #bennacer #ismailbennacer #cameroun #riadmahrez #Alg_Cam #WorldCupQatar2022
#Ø§Ù„Ù…Ø§ØªØ´_ÙŠØªØ¹Ø§ÙˆØ¯ #Ø§Ù„Ø¬Ø²Ø§Ø¦Ø±_ÙƒØ§Ù…ÙŠØ±ÙˆÙ†",Null,https://scontent-cdt1-1.cdninstagram.com/v/t51.2885-15/277477381_387132136294954_4279033608980489_n.webp?stp=dst-jpg_e35_s1080x1080&_nc_ht=scontent-cdt1-1.cdninstagram.com&_nc_cat=110&_nc_ohc=cqDWDGFq_ewAX85HszK&edm=ABZsPhsBAAAA&ccb=7-4&oh=00_AT9QwaDgUeD8i1LecIcQJZCmimWl9hYfQvkeqz-hll5PgA&oe=6253D216&_nc_sid=4efc9f
4,17852585269081464,alg_cam,5042022,62,50597256794,Cbu8wl5shfx,2022-03-30 15:49:06,16,"['Algeria_and_Cameroon_match_unjust_Bring_us_back_the_match_Where_is_FIFA_', 'lesfennecs', '123vivalalgerieğŸ‡©ğŸ‡¿', 'lesverts', 'lesvertsâ­â­', 'dzairfoot', 'djamelbelmadi', 'dzfoot', 'mahrez', 'elkhadra', 'teamdz', 'belmadi', 'youcefbelaili', 'youcefatal', 'hichemboudaoui', 'teamdzair', '123vivalAlgÃ©rie', 'dzsport', 'saidbenrahma', 'ramybensebaini', 'Ø¬Ù…Ø§Ù„_Ø¨Ù„Ù…Ø§Ø¶ÙŠ', 'tahiaeldjazair', 'Ø±ÙŠØ§Ø¶_Ù…Ø­Ø±Ø²', 'bennacer', 'ismailbennacer', 'cameroun', 'riadmahrez', 'Alg_Cam', 'WorldCupQatar2022']","['Algeria_and_Cameroon_match_unjust_Bring_us_back_the_match_Where_is_FIFA_', 'lesfennecs']",0,"Follow @toujours.fidele.officielle

ØºØ§Ø¶Ù†ÙŠ Ø§Ù„Ø¸Ù„Ù… Ø§Ù†Ø¸Ù„Ù…Ù†Ø§ ÙÙŠ Ø¨Ù„Ø§Ø¯Ù†Ø§ Ùˆ Ø­Ù†Ø§ Ù†ØªÙØ±Ø¬Ùˆ ğŸ˜­ğŸ˜­ğŸ’”ğŸ’”ğŸ‡©ğŸ‡¿ğŸ‡©ğŸ‡¿
Ø§Ù„Ù„Ù‡ ÙŠØ¬ÙŠØ¨Ù‡Ø§ ÙÙŠ ØµØ­Ø© ÙƒÙ„ ÙˆØ§Ø­Ø¯ ÙƒØ§Ù† Ø³Ø¨Ø© ÙÙŠÙ‡ 
â€¢â€¢â€¢â€¢â€¢â€¢â€¢
ğŸ¥ºğŸ’”ğŸ¥ºğŸ‡©ğŸ‡¿
#Algeria_and_Cameroon_match_unjust_Bring_us_back_the_match_Where_is_FIFA_ 
â€¢â€¢â€¢ 

.
.
.
Follow: ğŸ‘‰ğŸ»ğŸ‘‰ğŸ» @toujours.fidele.officielle ğŸ‘ˆğŸ»ğŸ‘ˆğŸ» 

__________________________________________________
#lesfennecs #123vivalalgerieğŸ‡©ğŸ‡¿ #lesverts #lesvertsâ­â­ #dzairfoot #djamelbelmadi #dzfoot #mahrez #elkhadra #teamdz #belmadi #youcefbelaili #youcefatal #hichemboudaoui #teamdzair #123vivalAlgÃ©rie #dzsport #saidbenrahma #ramybensebaini #Ø¬Ù…Ø§Ù„_Ø¨Ù„Ù…Ø§Ø¶ÙŠ #tahiaeldjazair #Ø±ÙŠØ§Ø¶_Ù…Ø­Ø±Ø² #bennacer #ismailbennacer #cameroun #riadmahrez #Alg_Cam #WorldCupQatar2022",Null,https://scontent-cdg2-1.cdninstagram.com/v/t51.2885-15/277453660_160204436440608_2481560052041096530_n.webp?stp=dst-jpg_e35_s1080x1080&_nc_ht=scontent-cdg2-1.cdninstagram.com&_nc_cat=100&_nc_ohc=I3x6yCh6l0AAX_pKcUe&edm=ABZsPhsBAAAA&ccb=7-4&oh=00_AT_ndy7bQfKExbR_AkQQOGGyIeERbQWmTjo_RKUndP8YZA&oe=625280ED&_nc_sid=4efc9f
5,17852585269081464,alg_cam,5042022,62,50597256794,Cbu8TrAsLML,2022-03-30 15:45:09,25,"['Algeria_and_Cameroon_match_unjust_Bring_us_back_the_match_Where_is_FIFA_', 'lesfennecs', '123vivalalgerieğŸ‡©ğŸ‡¿', 'lesverts', 'lesvertsâ­â­', 'dzairfoot', 'djamelbelmadi', 'dzfoot', 'mahrez', 'elkhadra', 'teamdz', 'belmadi', 'youcefbelaili', 'youcefatal', 'hichemboudaoui', 'teamdzair', '123vivalAlgÃ©rie', 'dzsport', 'saidbenrahma', 'ramybensebaini', 'Ø¬Ù…Ø§Ù„_Ø¨Ù„Ù…Ø§Ø¶ÙŠ', 'tahiaeldjazair', 'Ø±ÙŠØ§Ø¶_Ù…Ø­Ø±Ø²', 'bennacer', 'ismailbennacer', 'cameroun', 'riadmahrez', 'Alg_Cam', 'WorldCupQatar2022', 'Ø§Ù„Ù…Ø§ØªØ´_ÙŠØªØ¹Ø§ÙˆØ¯']","['Algeria_and_Cameroon_match_unjust_Bring_us_back_the_match_Where_is_FIFA_', 'lesfennecs']",0,"Follow @toujours.fidele.officielle

ØºØ§Ø¶Ù†ÙŠ Ø§Ù„Ø¸Ù„Ù… Ø§Ù†Ø¸Ù„Ù…Ù†Ø§ ÙÙŠ Ø¨Ù„Ø§Ø¯Ù†Ø§ Ùˆ Ø­Ù†Ø§ Ù†ØªÙØ±Ø¬Ùˆ ğŸ˜­ğŸ˜­ğŸ’”ğŸ’”ğŸ‡©ğŸ‡¿ğŸ‡©ğŸ‡¿
Ø§Ù„Ù„Ù‡ ÙŠØ¬ÙŠØ¨Ù‡Ø§ ÙÙŠ ØµØ­Ø© ÙƒÙ„ ÙˆØ§Ø­Ø¯ ÙƒØ§Ù† Ø³Ø¨Ø© ÙÙŠÙ‡ 
â€¢â€¢â€¢â€¢â€¢â€¢â€¢
ğŸ¥ºğŸ’”ğŸ¥ºğŸ‡©ğŸ‡¿
#Algeria_and_Cameroon_match_unjust_Bring_us_back_the_match_Where_is_FIFA_ 
â€¢â€¢â€¢ 

.
.
.
Follow: ğŸ‘‰ğŸ»ğŸ‘‰ğŸ» @toujours.fidele.officielle ğŸ‘ˆğŸ»ğŸ‘ˆğŸ» 

__________________________________________________
#lesfennecs #123vivalalgerieğŸ‡©ğŸ‡¿ #lesverts #lesvertsâ­â­ #dzairfoot #djamelbelmadi #dzfoot #mahrez #elkhadra #teamdz #belmadi #youcefbelaili #youcefatal #hichemboudaoui #teamdzair #123vivalAlgÃ©rie #dzsport #saidbenrahma #ramybensebaini #Ø¬Ù…Ø§Ù„_Ø¨Ù„Ù…Ø§Ø¶ÙŠ #tahiaeldjazair #Ø±ÙŠØ§Ø¶_Ù…Ø­Ø±Ø² #bennacer #ismailbennacer #cameroun #riadmahrez #Alg_Cam #WorldCupQatar2022 #Ø§Ù„Ù…Ø§ØªØ´_ÙŠØªØ¹Ø§ÙˆØ¯","Ø¨ÙˆØ·Ø§Ø¬ÙŠÙ† Ø§Ù„Ø¬Ø²Ø§Ø¦Ø±"" Ù‚Ø§Ø¯Ø±Ø© Ø¹Ù„Ù‰ Ø§Ù„ØªØ£Ù‡Ù„ Ø¥Ù„Ù‰ Ù…ÙˆÙ†Ø¯ÙŠØ§Ù„ Ù‚Ø·Ø± ""Ø¨Ø´Ø±Ø· Ø¨Ù‚Ù„Ù… ÙƒØ±ÙŠÙ… ØªÙŠØºØ±Ù…Øª Ù†Ø´Ø± 30 Ù…Ø§Ø±Ø³ 2022 16:13 toujours.fidele.dz. officielle Ø§Ù„Ù…Ø§ØªØ´ Ù…Ø§ ÙŠØªØ¹Ø§ÙˆØ¯ØªØ´ ÙˆÙ‚Ø§Ù„ ØŒØ¨ÙˆØ·Ø§Ø¬ÙŠÙ† ÙÙŠ ØªØµØ±ÙŠØ­ Ø±""Ø§Ù„Ù†Ù‡Ø§Ø±"" Ø£ÙˆÙ† ""Ù„Ø¯ÙŠÙ† Ù…Ø§"" ÙŠØ«Ø§Ø± Ø­ÙˆÙ„ Ø§Ù…ÙƒØ§Ù†ÙŠØ© Ø§Ø¹Ø§Ø¯Ø© Ø§Ù„Ù…Ø¨Ø§Ø±Ø§Ø© Ø§Ù„ÙØ§ØµÙ„Ø© Ø¨ÙŠÙ† Ø§Ù„Ø¬Ø²Ø§Ø¦Ø± ØŒÙˆØ§Ù„ÙƒØ§Ù…ÙŠØ±ÙˆÙ† Ø£Ù…Ø± ØºÙŠØ± .""ÙˆØ§Ø±Ø¯ ÙƒÙ…Ø§ :Ø£Ø¶Ø§Ù ÙÙŠ"" Ø­Ø§Ù„ ØªØ£ÙƒØ¯ Ø§Ù„ÙÙŠÙØ§ Ù…Ù† Ø§Ø±ØªÙƒØ§Ø¨ Ø§Ù„Ø®ÙƒÙ… ØºØ§Ø³Ù…Ø§ Ù„Ø£Ø®Ø·Ø§Ø¡ ØŒØªØ­ÙƒÙŠÙ…ÙŠØ© Ø³ØªØªÙ… Ù…Ø¹Ø§Ù‚Ø¨ØªÙ‡ ØŒØ´Ø®ØµÙŠØ§ Ø¯ÙˆÙ† Ù…Ù†ØªØ®Ø¨ ""Ø§Ù„ÙƒØ§Ù…ÙŠØ±ÙˆÙ† ÙˆÙÙŠ ØŒØ§Ù„Ù…Ù‚Ø§Ø¨Ù„ Ø£ÙˆØ¶Ø­ Ù…Ø±Ø§Ø¯ :Ø¨ÙˆØ·Ø§Ø¬ÙŠÙ† Ù…Ù†ØªØ®Ø¨Ù†Ø§"" Ø§Ù„ÙˆØ·Ù†ÙŠ Ù‚Ø§Ø¯Ø± Ø¹Ù„Ù‰ Ø§Ù„ØªØ£Ù‡Ù„ Ù…Ø¨Ø§Ø´Ø±Ø© ØŒÙ„Ù„Ù…ÙˆÙ†Ø¯ÙŠØ§Ù„ Ø´Ø±Ø· Ø«Ø¨ÙˆØª ØªÙ„Ù‚ÙŠ Ø§Ù„Ø­ÙƒÙ… ØºØ§Ø³Ù…Ø§ Ø±Ø´ÙˆØ© Ù…Ù† .""Ø§Ù„ÙƒØ§Ù…ÙŠØ±ÙˆÙ†ÙŠÙŠÙ†â€'â€â€.",https://scontent-cdg2-1.cdninstagram.com/v/t51.2885-15/277545559_673963007085650_8506719824231780982_n.webp?stp=dst-jpg_e35_s1080x1080&_nc_ht=scontent-cdg2-1.cdninstagram.com&_nc_cat=102&_nc_ohc=UToM14h6EJ8AX9I8Q7F&edm=ABZsPhsBAAAA&ccb=7-4&oh=00_AT843iDcLg0aWCpWnvQ88ydTXEgaDnWteHHkov_RrFP7bQ&oe=6253BFC7&_nc_sid=4efc9f
6,17852585269081464,alg_cam,5042022,62,50417837772,CbtaVQ6KrS6,2022-03-30 01:29:02,12,"['algeria', 'dz', 'lesvertsâ­â­', '123vivalalgerie', 'Ù„Ø¹Ù…Ø§Ø±Ø©_Ø§Ø±Ø­Ù„', 'faf', 'lose', 'defaite', 'ALG_CAM', 'blida', 'tchaker', 'mahrez', 'slimani', 'touba', 'belmadi', 'mbolhi', 'mood', 'sad', 'time', 'algerianews', 'algeriatoday', 'Ø§Ù„Ø¬Ø²Ø§Ø¦Ø±', 'Ø§Ù„Ù…Ù†ØªØ®Ø¨_Ø§Ù„Ø¬Ø²Ø§Ø¦Ø±ÙŠ', 'Ø§Ù„ÙƒØ§Ù…ÙŠØ±ÙˆÙ†']",[],0,"Ù‚Ø¯Ø± Ø§Ù„Ù„Ù‡ Ù…Ø§ Ø´Ø§ÙØ¹Ù„ ğŸ’” Ø®ÙŠØ±Ù‡Ø§ ÙØºÙŠØ±Ù‡Ø§ ÙˆØ®Ù„Ø§Øµ 

#algeria #dz #lesvertsâ­â­ #123vivalalgerie #Ù„Ø¹Ù…Ø§Ø±Ø©_Ø§Ø±Ø­Ù„ #faf #lose #defaite #ALG_CAM #blida #tchaker #mahrez #slimani #touba #belmadi #mbolhi #mood #sad #time #algerianews #algeriatoday #Ø§Ù„Ø¬Ø²Ø§Ø¦Ø± #Ø§Ù„Ù…Ù†ØªØ®Ø¨_Ø§Ù„Ø¬Ø²Ø§Ø¦Ø±ÙŠ #Ø§Ù„ÙƒØ§Ù…ÙŠØ±ÙˆÙ†",Null,https://scontent-cdg2-1.cdninstagram.com/v/t51.2885-15/277416939_266544725565259_9095589646223748791_n.webp?stp=dst-jpg_e35&_nc_ht=scontent-cdg2-1.cdninstagram.com&_nc_cat=107&_nc_ohc=1pCQDKazQt8AX-xB85V&edm=ABZsPhsBAAAA&ccb=7-4&oh=00_AT-SdANlZK8vyB3McNtBhl3eu3cRWUX1sY3-H1wR93eLMw&oe=62526961&_nc_sid=4efc9f
7,17852585269081464,alg_cam,5042022,62,50230379654,Cbsnu6eo3iM,2022-03-29 18:06:53,38,['ALG_CAM'],[],3,"Allez les verts ğŸ’ªğŸ‡©ğŸ‡¿â™¥ï¸ Ã  nous la victoire âœŒï¸ 
#ALG_CAM ğŸ‡©ğŸ‡¿ğŸ‡¨ğŸ‡² FIFA World Cup Qualifier Qatar 2022",Null,https://scontent-cdg2-1.cdninstagram.com/v/t51.2885-15/277415251_1611949975830559_5198195560906839651_n.jpg?stp=dst-jpg_e35_s1080x1080&_nc_ht=scontent-cdg2-1.cdninstagram.com&_nc_cat=107&_nc_ohc=OB-DrOPqHVAAX-gk_ZM&edm=ABZsPhsBAAAA&ccb=7-4&oh=00_AT-jmtvTNQnn5-MdjLlFSCICDbKhRsr9iCqgIjEdCbrSGw&oe=6253C1E6&_nc_sid=4efc9f
8,17852585269081464,alg_cam,5042022,62,42860160720,Cbr6opAtdVo,2022-03-29 11:32:49,15,"['Ø§Ù„Ø¬Ø²Ø§Ø¦Ø±_Ø§Ù„ÙƒØ§Ù…Ø±ÙˆÙ†', 'Ø§Ù„Ø¬Ø²Ø§Ø¦Ø±', 'Ù…Ø­Ø±Ø²', 'Belmadi', 'Ø§Ù„Ø®Ø¶Ø±', 'Ø¨Ù„Ù…Ø§Ø¶ÙŠ', 'Ù…Ø­Ø§Ø±Ø¨ÙŠ_Ø§Ù„ØµØ­Ø±Ø§Ø¡', 'belmadi', 'lesguerriÃ¨rs', 'mahrez', 'algerie', 'alg_cam', 'Ø¨Ù„Ø§ÙŠÙ„ÙŠ', 'lesverts', 'belaili']",[],0,"ğŸš¨ ÙŠØ­Ø¯Ø« Ø§Ù„Ø¢Ù† | Ù…Ù† Ù…Ù„Ø¹Ø¨ Ù…ØµØ·ÙÙ‰ ØªØ´Ø§ÙƒØ± Ø¨Ø§Ù„Ø¨Ù„ÙŠØ¯Ø©

#Ø§Ù„Ø¬Ø²Ø§Ø¦Ø±_Ø§Ù„ÙƒØ§Ù…Ø±ÙˆÙ† #Ø§Ù„Ø¬Ø²Ø§Ø¦Ø± #Ù…Ø­Ø±Ø² #Belmadi #Ø§Ù„Ø®Ø¶Ø± #Ø¨Ù„Ù…Ø§Ø¶ÙŠ #Ù…Ø­Ø§Ø±Ø¨ÙŠ_Ø§Ù„ØµØ­Ø±Ø§Ø¡ #belmadi #lesguerriÃ¨rs #mahrez #algerie #alg_cam #Ø¨Ù„Ø§ÙŠÙ„ÙŠ #lesverts #belaili",Null,https://scontent-cdg2-1.cdninstagram.com/v/t51.2885-15/277471643_658911208717967_1348626182476368426_n.jpg?stp=dst-jpg_e15&_nc_ht=scontent-cdg2-1.cdninstagram.com&_nc_cat=111&_nc_ohc=IZ2KPnuIWhUAX86Sfgq&edm=ABZsPhsBAAAA&ccb=7-4&oh=00_AT-Xerxwvu1fFmj-LNI-AYqn5Rx2KjyhqcVEPEd5rvRMXg&oe=62523DC7&_nc_sid=4efc9f
9,17852585269081464,alg_cam,5042022,62,42860160720,Cbrv9IntOpV,2022-03-29 09:59:30,11,"['Ø§Ù„Ø¬Ø²Ø§Ø¦Ø±_Ø§Ù„ÙƒØ§Ù…Ø±ÙˆÙ†', 'Ø§Ù„Ø¬Ø²Ø§Ø¦Ø±', 'Ù…Ø­Ø±Ø²', 'Belmadi', 'Ø§Ù„Ø®Ø¶Ø±', 'Ø¨Ù„Ù…Ø§Ø¶ÙŠ', 'Ù…Ø­Ø§Ø±Ø¨ÙŠ_Ø§Ù„ØµØ­Ø±Ø§Ø¡', 'belmadi', 'lesguerriÃ¨rs', 'mahrez', 'algerie', 'alg_cam', 'Ø¨Ù„Ø§ÙŠÙ„ÙŠ', 'lesverts', 'belaili']",[],0,"ğŸš¨ÙŠØ­Ø¯Ø« Ø§Ù„Ø¢Ù† | Ø¨Ø¯Ø§ÙŠØ© Ø¯Ø®ÙˆÙ„ Ø§Ù„Ø£Ù†ØµØ§Ø± Ø§Ù„Ù‰ Ù…Ù„Ø¹Ø¨ Ù…ØµØ·ÙÙ‰ ØªØ´Ø§ÙƒØ± Ø¨Ø§Ù„Ø¨Ù„ÙŠØ¯Ø©

#Ø§Ù„Ø¬Ø²Ø§Ø¦Ø±_Ø§Ù„ÙƒØ§Ù…Ø±ÙˆÙ† #Ø§Ù„Ø¬Ø²Ø§Ø¦Ø± #Ù…Ø­Ø±Ø² #Belmadi #Ø§Ù„Ø®Ø¶Ø± #Ø¨Ù„Ù…Ø§Ø¶ÙŠ #Ù…Ø­Ø§Ø±Ø¨ÙŠ_Ø§Ù„ØµØ­Ø±Ø§Ø¡ #belmadi #lesguerriÃ¨rs #mahrez #algerie #alg_cam #Ø¨Ù„Ø§ÙŠÙ„ÙŠ #lesverts #belaili",Null,https://scontent-cdt1-1.cdninstagram.com/v/t51.2885-15/277628010_124079363425693_6322380403765049647_n.jpg?stp=dst-jpg_e15&_nc_ht=scontent-cdt1-1.cdninstagram.com&_nc_cat=101&_nc_ohc=FnJceydW8oAAX_EHm0v&edm=ABZsPhsBAAAA&ccb=7-4&oh=00_AT81Ws_1AOavPJbHBKxxc2zH8uG9tC20qPAMa40yC9v2VQ&oe=6253300A&_nc_sid=4efc9f
10,17852585269081464,alg_cam,5042022,62,45027364812,CbqCbC7snJ4,2022-03-28 18:02:23,25,"['youcefblaili', 'tiket', 'alg_cam', 'algÃ©rie_cameroun', 'belailiyoucef', 'fafalgeria', 'ØªØ°Ø§ÙƒØ±_Ù…Ø¨Ø§Ø±Ø§Ø©', 'Ù…Ù„Ø¹Ø¨_Ù…ØµØ·ÙÙ‰_ØªØ´Ø§ÙƒØ±', 'footballarts', 'footballart', 'islamslimani', '360football', 'popartlover', 'dzpower', 'Ø¬Ø²Ø§ÙŠØ±ÙŠ', 'benrahma', 'Ø¨Ù„Ù…Ø§Ø¶ÙŠ', 'qatar2022', 'bounedjah', 'ramybensebaini', 'ÙŠÙˆØ³Ù_Ø¨Ù„Ø§ÙŠÙ„ÙŠ', 'Ø¨ÙŠØ¹_Ø§Ù„ØªØ°Ø§ÙƒØ±', '123vivalalgerie', 'equipenationalalgerie', 'popstyle', 'illustrationpop', 'joueurdefootball', 'cameron', 'mbolhi', '360sports']",['youcefblaili'],1,"El maestro @belaili_youcef_ 
.
.
#youcefblaili #tiket #alg_cam #algÃ©rie_cameroun #belailiyoucef #fafalgeria #ØªØ°Ø§ÙƒØ±_Ù…Ø¨Ø§Ø±Ø§Ø© #Ù…Ù„Ø¹Ø¨_Ù…ØµØ·ÙÙ‰_ØªØ´Ø§ÙƒØ± #footballarts #footballart #islamslimani #360football #popartlover #dzpower #Ø¬Ø²Ø§ÙŠØ±ÙŠ #benrahma #Ø¨Ù„Ù…Ø§Ø¶ÙŠ #qatar2022 #bounedjah #ramybensebaini #ÙŠÙˆØ³Ù_Ø¨Ù„Ø§ÙŠÙ„ÙŠ #Ø¨ÙŠØ¹_Ø§Ù„ØªØ°Ø§ÙƒØ± #123vivalalgerie #equipenationalalgerie #popstyle #illustrationpop #joueurdefootball #cameron #mbolhi #360sports",Null,https://scontent-cdg2-1.cdninstagram.com/v/t51.2885-15/277573996_890520555088600_1729775227983138113_n.webp?stp=dst-jpg_e35_p1080x1080&_nc_ht=scontent-cdg2-1.cdninstagram.com&_nc_cat=104&_nc_ohc=vo14X0V8kkAAX8RpP9k&edm=ABZsPhsBAAAA&ccb=7-4&oh=00_AT8N8B_SxSI3CkiIGk8kod3KcOvp4PLFrO1Eq7t7AG7CRg&oe=6252ED1E&_nc_sid=4efc9f
11,17852585269081464,alg_cam,5042022,62,42860160720,Cbnw1_1tOxc,2022-03-27 20:50:18,30,"['Ø§Ù„Ø¬Ø²Ø§Ø¦Ø±_Ø§Ù„ÙƒØ§Ù…Ø±ÙˆÙ†', 'Ø§Ù„Ø¬Ø²Ø§Ø¦Ø±', 'Ù…Ø­Ø±Ø²', 'Belmadi', 'Ø§Ù„Ø®Ø¶Ø±', 'Ø¨Ù„Ù…Ø§Ø¶ÙŠ', 'Ù…Ø­Ø§Ø±Ø¨ÙŠ_Ø§Ù„ØµØ­Ø±Ø§Ø¡', 'belmadi', 'lesguerriÃ¨rs', 'mahrez', 'algerie', 'alg_cam', 'Ø¨Ù„Ø§ÙŠÙ„ÙŠ', 'lesverts', 'belaili']",[],0,"ğŸš¨ğŸ“¸ ØµÙˆØ± Ø§Ù„Ø­ØµØ© Ø§Ù„ØªØ¯Ø±ÙŠØ¨ÙŠØ© Ù„Ø¹Ù†Ø§ØµØ± Ø§Ù„Ù…Ù†ØªØ®Ø¨ Ø§Ù„ÙˆØ·Ù†ÙŠ Ù„Ø¹Ø´ÙŠØ© Ø§Ù„ÙŠÙˆÙ…

#Ø§Ù„Ø¬Ø²Ø§Ø¦Ø±_Ø§Ù„ÙƒØ§Ù…Ø±ÙˆÙ† #Ø§Ù„Ø¬Ø²Ø§Ø¦Ø± #Ù…Ø­Ø±Ø² #Belmadi #Ø§Ù„Ø®Ø¶Ø± #Ø¨Ù„Ù…Ø§Ø¶ÙŠ #Ù…Ø­Ø§Ø±Ø¨ÙŠ_Ø§Ù„ØµØ­Ø±Ø§Ø¡ #belmadi #lesguerriÃ¨rs #mahrez #algerie #alg_cam #Ø¨Ù„Ø§ÙŠÙ„ÙŠ #lesverts #belaili",Null,https://scontent-cdt1-1.cdninstagram.com/v/t51.2885-15/277292054_394389992092758_7334255958430622837_n.jpg?stp=dst-jpg_e15_fr_s1080x1080&_nc_ht=scontent-cdt1-1.cdninstagram.com&_nc_cat=106&_nc_ohc=OP_GPqlnTOsAX9bJ6ME&edm=ABZsPhsBAAAA&ccb=7-4&oh=00_AT_3mRupqAexL4L2IXTy8h0A7HTXJAT9gko1aERwWJ02FA&oe=62539CCB&_nc_sid=4efc9f
12,17852585269081464,alg_cam,5042022,62,50417837772,CbnluWhtXnD,2022-03-27 19:13:08,13,"['algeria', 'dz', 'dzpower', 'fyp', 'mistapha_tchaker', 'stadium', '123vivalalgerie', 'ALG_CAM', 'blida', 'alger', 'football', 'worldcup', 'qatar', 'douala', 'tweets', 'tweet', 'twitter', 'tweetsdz', 'trending', 'trendz', 'tendance', 'mood', 'faf', 'caf', 'tchaker', 'ticket', 'mardi', 'sport', 'Ø§Ù„Ø¬Ø²Ø§Ø¦Ø±', 'Ø§Ù„Ù…Ù†ØªØ®Ø¨_Ø§Ù„Ø¬Ø²Ø§Ø¦Ø±ÙŠ']",[],0,"Ø¨ÙŠØ²Ù†ÙŠØ³ Ø´Ø±ÙŠÙƒÙŠØŒ Ù…ÙˆÙ†ÙŠ âœ…

#algeria #dz #dzpower #fyp #mistapha_tchaker #stadium #123vivalalgerie #ALG_CAM #blida #alger #football #worldcup #qatar #douala #tweets #tweet #twitter #tweetsdz #trending #trendz #tendance #mood #faf #caf #tchaker #ticket #mardi #sport #Ø§Ù„Ø¬Ø²Ø§Ø¦Ø± #Ø§Ù„Ù…Ù†ØªØ®Ø¨_Ø§Ù„Ø¬Ø²Ø§Ø¦Ø±ÙŠ",04 Android for Twitterâ€'â€â€.,https://scontent-cdg2-1.cdninstagram.com/v/t51.2885-15/277401159_515784633596695_3130839080563563095_n.webp?stp=dst-jpg_e35&_nc_ht=scontent-cdg2-1.cdninstagram.com&_nc_cat=107&_nc_ohc=AfyxMBlbSf8AX-gw-SF&edm=ABZsPhsBAAAA&ccb=7-4&oh=00_AT8UxISOzh4O1-IYDwWTTV9K1WpMztSvwjTqI6xgO6a_mw&oe=62535E24&_nc_sid=4efc9f
13,17852585269081464,alg_cam,5042022,62,42860160720,Cbm5R2yNF_c,2022-03-27 12:44:46,12,"['Ø§Ù„Ø¬Ø²Ø§Ø¦Ø±_Ø§Ù„ÙƒØ§Ù…Ø±ÙˆÙ†', 'Ø§Ù„Ø¬Ø²Ø§Ø¦Ø±', 'Ù…Ø­Ø±Ø²', 'Belmadi', 'Ø§Ù„Ø®Ø¶Ø±', 'Ø¨Ù„Ù…Ø§Ø¶ÙŠ', 'Ù…Ø­Ø§Ø±Ø¨ÙŠ_Ø§Ù„ØµØ­Ø±Ø§Ø¡', 'belmadi', 'lesguerriÃ¨rs', 'mahrez', 'algerie', 'alg_cam', 'Ø¨Ù„Ø§ÙŠÙ„ÙŠ', 'lesverts', 'belaili']",[],0,"ğŸš¨âš½ï¸ ØµÙˆØ± Ù…Ù† Ø§Ù„Ø¬ÙˆÙ„Ø© Ø§Ù„ØµØ¨Ø§Ø­ÙŠØ© Ù„Ù†Ù‡Ø§Ø± Ø§Ù„ÙŠÙˆÙ… Ù„Ù„Ø¹Ù†Ø§ØµØ± Ø§Ù„ÙˆØ·Ù†ÙŠØ©

#Ø§Ù„Ø¬Ø²Ø§Ø¦Ø±_Ø§Ù„ÙƒØ§Ù…Ø±ÙˆÙ† #Ø§Ù„Ø¬Ø²Ø§Ø¦Ø± #Ù…Ø­Ø±Ø² #Belmadi #Ø§Ù„Ø®Ø¶Ø± #Ø¨Ù„Ù…Ø§Ø¶ÙŠ #Ù…Ø­Ø§Ø±Ø¨ÙŠ_Ø§Ù„ØµØ­Ø±Ø§Ø¡ #belmadi #lesguerriÃ¨rs #mahrez #algerie #alg_cam #Ø¨Ù„Ø§ÙŠÙ„ÙŠ #lesverts #belaili",Null,https://scontent-cdg2-1.cdninstagram.com/v/t51.2885-15/277416110_109145218412663_614000887872970757_n.jpg?stp=dst-jpg_e15_fr_s1080x1080&_nc_ht=scontent-cdg2-1.cdninstagram.com&_nc_cat=111&_nc_ohc=ulkwxHV8yHgAX9UgKYP&edm=ABZsPhsBAAAA&ccb=7-4&oh=00_AT8st5fbXZrLebEPEPghreH0fnmhgiw_xy_zpVkQqzvyDw&oe=6253B5FC&_nc_sid=4efc9f
14,17852585269081464,alg_cam,5042022,62,42860160720,CbmamZmO7RZ,2022-03-27 08:16:41,10,"['Ø§Ù„Ø¬Ø²Ø§Ø¦Ø±_Ø§Ù„ÙƒØ§Ù…Ø±ÙˆÙ†', 'Ø§Ù„Ø¬Ø²Ø§Ø¦Ø±', 'Ù…Ø­Ø±Ø²', 'Belmadi', 'Ø§Ù„Ø®Ø¶Ø±', 'Ø¨Ù„Ù…Ø§Ø¶ÙŠ', 'Ù…Ø­Ø§Ø±Ø¨ÙŠ_Ø§Ù„ØµØ­Ø±Ø§Ø¡', 'belmadi', 'lesguerriÃ¨rs', 'mahrez', 'algerie', 'alg_cam', 'Ø¨Ù„Ø§ÙŠÙ„ÙŠ', 'lesverts', 'belaili']",[],0,"ğŸš¨ ØªÙˆØ§ÙØ¯ ÙƒØ¨ÙŠØ± Ù„Ù„Ø¬Ù…Ø§Ù‡ÙŠØ± Ù„Ù…Ù„Ø¹Ø¨ Ù…ØµØ·ÙÙ‰ ØªØ´Ø§ÙƒØ± ØµØ¨ÙŠØ­Ø© Ø§Ù„ÙŠÙˆÙ… Ù„Ø¥Ù‚ØªÙ†Ø§Ø¡ ØªØ°Ø§ÙƒØ± Ù…Ø¨Ø§Ø±Ø§Ø© Ø§Ù„ÙƒØ§Ù…ÙŠØ±ÙˆÙ†

#Ø§Ù„Ø¬Ø²Ø§Ø¦Ø±_Ø§Ù„ÙƒØ§Ù…Ø±ÙˆÙ† #Ø§Ù„Ø¬Ø²Ø§Ø¦Ø± #Ù…Ø­Ø±Ø² #Belmadi #Ø§Ù„Ø®Ø¶Ø± #Ø¨Ù„Ù…Ø§Ø¶ÙŠ #Ù…Ø­Ø§Ø±Ø¨ÙŠ_Ø§Ù„ØµØ­Ø±Ø§Ø¡ #belmadi #lesguerriÃ¨rs #mahrez #algerie #alg_cam #Ø¨Ù„Ø§ÙŠÙ„ÙŠ #lesverts #belaili",Null,https://scontent-cdt1-1.cdninstagram.com/v/t51.2885-15/277363667_1620494728333942_6963127308953718591_n.jpg?stp=dst-jpg_e15&_nc_ht=scontent-cdt1-1.cdninstagram.com&_nc_cat=110&_nc_ohc=QOuZr39B4zUAX_ujSKD&edm=ABZsPhsBAAAA&ccb=7-4&oh=00_AT8r_IHTnnuR-suqgw9_pwkIRsihj0gjVphxdAYFJ9elhw&oe=6252C6D4&_nc_sid=4efc9f
15,17852585269081464,alg_cam,5042022,62,42860160720,CblQ3jntGba,2022-03-26 21:32:24,10,"['Ø§Ù„Ø¬Ø²Ø§Ø¦Ø±_Ø§Ù„ÙƒØ§Ù…Ø±ÙˆÙ†', 'Ø§Ù„Ø¬Ø²Ø§Ø¦Ø±', 'Ù…Ø­Ø±Ø²', 'Belmadi', 'Ø§Ù„Ø®Ø¶Ø±', 'Ø¨Ù„Ù…Ø§Ø¶ÙŠ', 'Ù…Ø­Ø§Ø±Ø¨ÙŠ_Ø§Ù„ØµØ­Ø±Ø§Ø¡', 'belmadi', 'lesguerriÃ¨rs', 'mahrez', 'algerie', 'alg_cam', 'Ø¨Ù„Ø§ÙŠÙ„ÙŠ', 'lesverts', 'belaili']",[],0,"ğŸš¨ğŸ“¸ Ø§Ù„Ù…Ù†ØªØ®Ø¨ Ø§Ù„ÙˆØ·Ù†ÙŠ ÙŠØ¹ÙˆØ¯ Ø¥Ù„Ù‰ Ø£Ø¬ÙˆØ§Ø¡ Ø§Ù„ØªØ¯Ø±ÙŠØ¨Ø§Øª ØªØ­Ø¶ÙŠØ±Ø§ Ù„Ù…Ø¨Ø§Ø±Ø§Ø© Ø§Ù„Ø§ÙŠØ§Ø¨ Ø£Ù…Ø§Ù… Ø§Ù„ÙƒØ§Ù…ÙŠØ±ÙˆÙ†

#Ø§Ù„Ø¬Ø²Ø§Ø¦Ø±_Ø§Ù„ÙƒØ§Ù…Ø±ÙˆÙ† #Ø§Ù„Ø¬Ø²Ø§Ø¦Ø± #Ù…Ø­Ø±Ø² #Belmadi #Ø§Ù„Ø®Ø¶Ø± #Ø¨Ù„Ù…Ø§Ø¶ÙŠ #Ù…Ø­Ø§Ø±Ø¨ÙŠ_Ø§Ù„ØµØ­Ø±Ø§Ø¡ #belmadi #lesguerriÃ¨rs #mahrez #algerie #alg_cam #Ø¨Ù„Ø§ÙŠÙ„ÙŠ #lesverts #belaili",Null,https://scontent-cdt1-1.cdninstagram.com/v/t51.2885-15/277319727_2271266213013353_4067703607266034625_n.jpg?stp=dst-jpg_e15&_nc_ht=scontent-cdt1-1.cdninstagram.com&_nc_cat=105&_nc_ohc=1_bFAHUANUIAX93IjeC&edm=ABZsPhsBAAAA&ccb=7-4&oh=00_AT96-gJZyQFgO2TO7-cR5YTaBBwazjDdmdb98zvpM4OCOQ&oe=625294D8&_nc_sid=4efc9f
16,17852585269081464,alg_cam,5042022,62,42860160720,CbhSk_AI29w,2022-03-25 08:30:23,13,"['Ø§Ù„Ø¬Ø²Ø§Ø¦Ø±_Ø§Ù„ÙƒØ§Ù…Ø±ÙˆÙ†', 'Ø§Ù„Ø¬Ø²Ø§Ø¦Ø±', 'Ù…Ø­Ø±Ø²', 'Belmadi', 'Ø§Ù„Ø®Ø¶Ø±', 'Ø¨Ù„Ù…Ø§Ø¶ÙŠ', 'Ù…Ø­Ø§Ø±Ø¨ÙŠ_Ø§Ù„ØµØ­Ø±Ø§Ø¡', 'belmadi', 'lesguerriÃ¨rs', 'mahrez', 'algerie', 'alg_cam', 'Ø¨Ù„Ø§ÙŠÙ„ÙŠ', 'lesverts', 'belaili']",[],1,"ğŸ¤” Ù…Ø§ Ù‡ÙŠ Ø§Ù„Ù†ØªÙŠØ¬Ø© Ø§Ù„ØªÙŠ ØªØªÙˆÙ‚Ø¹ÙˆÙ†Ù‡Ø§ Ù„Ù…Ø¨Ø§Ø±Ø§Ø© Ø§Ù„ÙŠÙˆÙ… Ø¨ÙŠÙ† Ø§Ù„Ù…Ù†ØªØ®Ø¨ Ø§Ù„ÙˆØ·Ù†ÙŠ Ùˆ Ù†Ø¸ÙŠØ±Ù‡ Ø§Ù„ÙƒØ§Ù…ÙŠØ±ÙˆÙ†ÙŠ ØŸØŸ

âš½ï¸ Ø§Ù„Ø¬Ø²Ø§Ø¦Ø± ğŸ‡¨ğŸ‡² - ğŸ‡©ğŸ‡¿ Ø§Ù„ÙƒØ§Ù…ÙŠØ±ÙˆÙ†
Ø¬Ø§Ø¨ÙˆÙ…Ø§ - Ø§Ù„ÙƒØ§Ù…ÙŠØ±ÙˆÙ† ğŸŸ
âŒšï¸Ø§Ù„Ø³Ø§Ø¹Ø© : 18:00
ğŸ“º Ø§Ù„Ù‚Ù†ÙˆØ§Øª Ø§Ù„Ù†Ø§Ù‚Ù„Ø© :  Ø§Ù„ØªÙ„ÙØ²ÙŠÙˆÙ† Ø§Ù„Ø¬Ø²Ø§Ø¦Ø±ÙŠ - Lâ€™Ã©quipeTV - Sport Digital

#Ø§Ù„Ø¬Ø²Ø§Ø¦Ø±_Ø§Ù„ÙƒØ§Ù…Ø±ÙˆÙ† #Ø§Ù„Ø¬Ø²Ø§Ø¦Ø± #Ù…Ø­Ø±Ø² #Belmadi #Ø§Ù„Ø®Ø¶Ø± #Ø¨Ù„Ù…Ø§Ø¶ÙŠ #Ù…Ø­Ø§Ø±Ø¨ÙŠ_Ø§Ù„ØµØ­Ø±Ø§Ø¡ #belmadi #lesguerriÃ¨rs #mahrez #algerie #alg_cam #Ø¨Ù„Ø§ÙŠÙ„ÙŠ #lesverts #belaili",Null,https://scontent-cdg2-1.cdninstagram.com/v/t51.2885-15/277315122_655399205738399_995087887036525474_n.jpg?stp=dst-jpg_e15_fr_s1080x1080&_nc_ht=scontent-cdg2-1.cdninstagram.com&_nc_cat=111&_nc_ohc=9fpP3myJ8WUAX9cV8E6&edm=ABZsPhsBAAAA&ccb=7-4&oh=00_AT_Ql8LWRMsU4go-ishoA4HE8L2g3XxsrOkc5WER0sWCIw&oe=62524C51&_nc_sid=4efc9f
17,17852585269081464,alg_cam,5042022,62,3870576944,CbhQm_VI8lp,2022-03-25 08:13:50,269,"['douala', 'alg_cam', 'cameroun']",[],5,"Ù…Ø¯ÙŠÙ†Ø© Ø¯ÙˆØ§Ù„Ø§ Ø§Ù„ÙƒØ§Ù…Ø±ÙˆÙ†ÙŠØ© Ù‡Ø°Ø§ Ø§Ù„ØµØ¨Ø§Ø­ Ø¨Ø¹Ø¯ Ù„ÙŠÙ„Ø© Ø±Ø¹Ø¯ÙŠØ© Ù…Ø§Ø·Ø±Ø© ğŸ‡¨ğŸ‡²ğŸŒ§ï¸â›ˆï¸
#douala #alg_cam #cameroun",Video,https://scontent-cdt1-1.cdninstagram.com/v/t51.2885-15/277243842_659178058747138_6459030933624262973_n.jpg?stp=dst-jpg_e15&_nc_ht=scontent-cdt1-1.cdninstagram.com&_nc_cat=110&_nc_ohc=Xcmd98TCFrwAX8_TxAm&edm=ABZsPhsBAAAA&ccb=7-4&oh=00_AT_ysSteb6bj6ogHyqy87L0lLua_XY4dAZ3CdYnEPoZjSA&oe=624E4443&_nc_sid=4efc9f
18,17852585269081464,alg_cam,5042022,62,42860160720,Cbe7_krNYVq,2022-03-24 10:34:33,12,"['Ø§Ù„Ø¬Ø²Ø§Ø¦Ø±_Ø§Ù„ÙƒØ§Ù…Ø±ÙˆÙ†', 'Ø§Ù„Ø¬Ø²Ø§Ø¦Ø±', 'Ù…Ø­Ø±Ø²', 'Belmadi', 'Ø§Ù„Ø®Ø¶Ø±', 'Ø¨Ù„Ù…Ø§Ø¶ÙŠ', 'Ù…Ø­Ø§Ø±Ø¨ÙŠ_Ø§Ù„ØµØ­Ø±Ø§Ø¡', 'belmadi', 'lesguerriÃ¨rs', 'mahrez', 'algerie', 'alg_cam', 'Ø¨Ù„Ø§ÙŠÙ„ÙŠ', 'lesverts', 'belaili']",[],0,"ğŸš¨âš½ï¸ Ù…Ù† Ø³ØªÙˆØ±ÙŠ ÙŠÙˆØ³Ù Ø¹Ø·Ø§Ù„ Ø§Ù„Ù…Ù†ØªØ®Ø¨ Ø§Ù„ÙˆØ·Ù†ÙŠ ÙŠØºØ§Ø¯Ø± Ù…Ø§Ù„Ø§Ø¨Ùˆ Ø§Ù„ØºÙŠÙ†ÙŠØ© Ø¨Ø¥ØªØ¬Ø§Ù‡ Ø¯ÙˆØ§Ù„Ø§

#Ø§Ù„Ø¬Ø²Ø§Ø¦Ø±_Ø§Ù„ÙƒØ§Ù…Ø±ÙˆÙ† #Ø§Ù„Ø¬Ø²Ø§Ø¦Ø± #Ù…Ø­Ø±Ø² #Belmadi #Ø§Ù„Ø®Ø¶Ø± #Ø¨Ù„Ù…Ø§Ø¶ÙŠ #Ù…Ø­Ø§Ø±Ø¨ÙŠ_Ø§Ù„ØµØ­Ø±Ø§Ø¡ #belmadi #lesguerriÃ¨rs #mahrez #algerie #alg_cam #Ø¨Ù„Ø§ÙŠÙ„ÙŠ #lesverts #belaili",Null,https://scontent-cdt1-1.cdninstagram.com/v/t51.2885-15/277057348_674162936915665_3819271609683071064_n.jpg?stp=dst-jpg_e15&_nc_ht=scontent-cdt1-1.cdninstagram.com&_nc_cat=101&_nc_ohc=buimodqSt9wAX-A1Y2_&edm=ABZsPhsBAAAA&ccb=7-4&oh=00_AT-rL0uq_mzMx0-J8mjsB9WfVV6aK3XrV-duoiUIlCHebg&oe=6253238F&_nc_sid=4efc9f
19,17852585269081464,alg_cam,5042022,62,42860160720,CbbAlBGt5bR,2022-03-22 21:57:40,27,"['Ø§Ù„Ø¬Ø²Ø§Ø¦Ø±_Ø§Ù„ÙƒØ§Ù…Ø±ÙˆÙ†', 'Ø§Ù„Ø¬Ø²Ø§Ø¦Ø±', 'Ù…Ø­Ø±Ø²', 'Belmadi', 'Ø§Ù„Ø®Ø¶Ø±', 'Ø¨Ù„Ù…Ø§Ø¶ÙŠ', 'Ù…Ø­Ø§Ø±Ø¨ÙŠ_Ø§Ù„ØµØ­Ø±Ø§Ø¡', 'belmadi', 'lesguerriÃ¨rs', 'mahrez', 'algerie', 'alg_cam', 'Ø¨Ù„Ø§ÙŠÙ„ÙŠ', 'lesverts', 'belaili']",[],0,"ğŸ“¸ ØµÙˆØ± Ø§Ù„Ø­ØµØ© Ø§Ù„ØªØ¯Ø±ÙŠØ¨ÙŠØ© Ø§Ù„Ø«Ø§Ù†ÙŠØ© Ù„Ù„Ø®Ø¶Ø± Ø§Ù„ÙŠÙˆÙ… Ø¨Ù…Ø§Ù„Ø§Ø¨Ùˆ ØªØ­Ø¶ÙŠØ±Ø§ Ù„Ø°Ù‡Ø§Ø¨ Ø§Ù„Ù…Ø¨Ø§Ø±Ø§Ø© Ø§Ù„ÙØ§ØµÙ„Ø© Ø£Ù…Ø§Ù… Ù…Ù†ØªØ®Ø¨ Ø§Ù„ÙƒØ§Ù…ÙŠØ±ÙˆÙ†

#Ø§Ù„Ø¬Ø²Ø§Ø¦Ø±_Ø§Ù„ÙƒØ§Ù…Ø±ÙˆÙ† #Ø§Ù„Ø¬Ø²Ø§Ø¦Ø± #Ù…Ø­Ø±Ø² #Belmadi #Ø§Ù„Ø®Ø¶Ø± #Ø¨Ù„Ù…Ø§Ø¶ÙŠ #Ù…Ø­Ø§Ø±Ø¨ÙŠ_Ø§Ù„ØµØ­Ø±Ø§Ø¡ #belmadi #lesguerriÃ¨rs #mahrez #algerie #alg_cam #Ø¨Ù„Ø§ÙŠÙ„ÙŠ #lesverts #belaili",Null,https://scontent-cdt1-1.cdninstagram.com/v/t51.2885-15/277042693_307735094619701_6234964877097545444_n.jpg?stp=dst-jpg_e15_fr_s1080x1080&_nc_ht=scontent-cdt1-1.cdninstagram.com&_nc_cat=105&_nc_ohc=NOti34Z1t90AX-70vRh&edm=ABZsPhsBAAAA&ccb=7-4&oh=00_AT_EqbphEUOan5KizTnmjWRfj0rZWvkQA_BjvJ67-xf_IA&oe=625390F8&_nc_sid=4efc9f
